epoch,mean_loss,steps,skipped_no_benign,skipped_no_pairs
1,0.4616498649120331,34,0,0
2,0.22645853898104498,34,0,0
3,0.15363899749868057,34,0,0
