epoch,mean_loss,steps,skipped_no_benign,skipped_no_pairs
1,0.34296247494571347,34,0,0
2,0.11368181435939144,34,0,0
3,0.09418951336513548,34,0,0
