epoch,mean_loss,steps,skipped_no_benign,skipped_no_pairs
1,0.35589741531978636,68,0,0
2,0.15809837005594196,68,0,0
3,0.15944902576944409,68,0,0
