epoch,mean_loss,steps,skipped_no_benign,skipped_no_pairs
1,0.26808383874595165,68,0,0
2,0.1621050547589274,68,0,0
3,0.1554530485368827,68,0,0
